{
    "parent": "item/generated",
    "textures": {
        "layer0": "item/crossbow_standby"
    },
    "display": {
        "thirdperson_righthand": {
            "rotation": [ -90, 0, -60 ],
            "translation": [ 2, 0.1, -3 ],
            "scale": [ 0.9, 0.9, 0.9 ]
        },
        "thirdperson_lefthand": {
            "rotation": [ -90, 0, 30 ],
            "translation": [ 2, 0.1, -3 ],
            "scale": [ 0.9, 0.9, 0.9 ]
        },
        "firstperson_righthand": {
            "rotation": [ -90, 0, -55 ],
            "translation": [ 1.13, 3.2, 1.13],
            "scale": [ 0.68, 0.68, 0.68 ]
        },
        "firstperson_lefthand": {
            "rotation": [ -90, 0, 35 ],
            "translation": [ 1.13, 3.2, 1.13],
            "scale": [ 0.68, 0.68, 0.68 ]
        }
    },
    "overrides": [
        {
            "predicate": {
                "pulling": 1
            },
            "model": "item/crossbow_pulling_0"
        },
        {
            "predicate": {
                "pulling": 1,
                "pull": 0.58
            },
            "model": "item/crossbow_pulling_1"
        },
        {
            "predicate": {
                "pulling": 1,
                "pull": 1.0
            },
            "model": "item/crossbow_pulling_2"
        },
        {
            "predicate": {
                "charged": 1
            },
            "model": "item/crossbow_arrow"
        },
        {
            "predicate": {
                "charged": 1,
                "firework": 1
            },
            "model": "item/crossbow_firework"
        },
	{ "predicate": { "custom_model_data": 1 }, "model": "shotguns/rem/shotgun_resting_rem" },
	{ "predicate": { "pulling": 1, "custom_model_data": 1 }, "model": "shotguns/rem/shotgun_loading_rem" },
        { "predicate": { "pulling": 1, "pull": 0.1, "custom_model_data": 1 }, "model": "shotguns/rem/shotgun_loading_rem"   },
        { "predicate": { "pulling": 1, "pull": 0.2, "custom_model_data": 1 }, "model": "shotguns/rem/shotgun_loading_rem2"  },
        { "predicate": { "pulling": 1, "pull": 0.23, "custom_model_data": 1 }, "model": "shotguns/rem/shotgun_loading_rem3"  },
        { "predicate": { "pulling": 1, "pull": 0.26, "custom_model_data": 1 }, "model": "shotguns/rem/shotgun_loading_rem4"  },
        { "predicate": { "pulling": 1, "pull": 0.29, "custom_model_data": 1 }, "model": "shotguns/rem/shotgun_loading_rem5"  },
	{ "predicate": { "pulling": 1, "pull": 0.32, "custom_model_data": 1 }, "model": "shotguns/rem/shotgun_loading_rem6"  },
	{ "predicate": { "pulling": 1, "pull": 0.4, "custom_model_data": 1 }, "model": "shotguns/rem/shotgun_loading_rem7"  },
	{ "predicate": { "pulling": 1, "pull": 0.5, "custom_model_data": 1 }, "model": "shotguns/rem/shotgun_loading_rem8"  },
	{ "predicate": { "pulling": 1, "pull": 0.6, "custom_model_data": 1 }, "model": "shotguns/rem/shotgun_loading_rem9"  },
	{ "predicate": { "pulling": 1, "pull": 0.7, "custom_model_data": 1 }, "model": "shotguns/rem/shotgun_loading_rem10" },
	{ "predicate": { "pulling": 1, "pull": 0.8, "custom_model_data": 1 }, "model": "shotguns/rem/shotgun_loading_rem11" },
	{ "predicate": { "pulling": 1, "pull": 0.9, "custom_model_data": 1 }, "model": "shotguns/rem/shotgun_loading_rem12" },
	{ "predicate": { "pulling": 1, "pull": 1.0, "custom_model_data": 1 }, "model": "shotguns/rem/shotgun_loading_rem13" },
	{ "predicate": { "pulling": 1, "pull": 1.12, "custom_model_data": 1 }, "model": "shotguns/rem/shotgun_loading_rem14" },
        { "predicate": { "charged": 1, "custom_model_data": 1 }, "model": "shotguns/rem/shotgun_loaded_rem" },
	{ "predicate": { "custom_model_data": 2 }, "model": "shotguns/ram/shotgun_resting_ram" },
	{ "predicate": { "pulling": 1, "custom_model_data": 2 }, "model": "shotguns/ram/shotgun_loading_ram" },
        { "predicate": { "pulling": 1, "pull": 0.1, "custom_model_data": 2 }, "model": "shotguns/ram/shotgun_loading_ram"   },
        { "predicate": { "pulling": 1, "pull": 0.2, "custom_model_data": 2 }, "model": "shotguns/ram/shotgun_loading_ram2"  },
        { "predicate": { "pulling": 1, "pull": 0.23, "custom_model_data": 2 }, "model": "shotguns/ram/shotgun_loading_ram3"  },
        { "predicate": { "pulling": 1, "pull": 0.26, "custom_model_data": 2 }, "model": "shotguns/ram/shotgun_loading_ram4"  },
        { "predicate": { "pulling": 1, "pull": 0.29, "custom_model_data": 2 }, "model": "shotguns/ram/shotgun_loading_ram5"  },
	{ "predicate": { "pulling": 1, "pull": 0.32, "custom_model_data": 2 }, "model": "shotguns/ram/shotgun_loading_ram6"  },
	{ "predicate": { "pulling": 1, "pull": 0.4, "custom_model_data": 2 }, "model": "shotguns/ram/shotgun_loading_ram7"  },
	{ "predicate": { "pulling": 1, "pull": 0.5, "custom_model_data": 2 }, "model": "shotguns/ram/shotgun_loading_ram8"  },
	{ "predicate": { "pulling": 1, "pull": 0.6, "custom_model_data": 2 }, "model": "shotguns/ram/shotgun_loading_ram9"  },
	{ "predicate": { "pulling": 1, "pull": 0.7, "custom_model_data": 2 }, "model": "shotguns/ram/shotgun_loading_ram10" },
	{ "predicate": { "pulling": 1, "pull": 0.8, "custom_model_data": 2 }, "model": "shotguns/ram/shotgun_loading_ram11" },
	{ "predicate": { "pulling": 1, "pull": 0.9, "custom_model_data": 2 }, "model": "shotguns/ram/shotgun_loading_ram12" },
	{ "predicate": { "pulling": 1, "pull": 1.0, "custom_model_data": 2 }, "model": "shotguns/ram/shotgun_loading_ram13" },
	{ "predicate": { "pulling": 1, "pull": 1.12, "custom_model_data": 2 }, "model": "shotguns/ram/shotgun_loading_ram14" },
        { "predicate": { "charged": 1, "custom_model_data": 2 }, "model": "shotguns/ram/shotgun_loaded_ram" },
	{ "predicate": { "custom_model_data": 666 }, "model": "shotguns/doom/shotgun_resting_doom" },
	{ "predicate": { "pulling": 1, "custom_model_data": 666 }, "model": "shotguns/doom/shotgun_loading_doom" },
        { "predicate": { "pulling": 1, "pull": 0.1, "custom_model_data": 666 }, "model": "shotguns/doom/shotgun_loading_doom"   },
        { "predicate": { "pulling": 1, "pull": 0.2, "custom_model_data": 666 }, "model": "shotguns/doom/shotgun_loading_doom2"  },
        { "predicate": { "pulling": 1, "pull": 0.23, "custom_model_data": 666 }, "model": "shotguns/doom/shotgun_loading_doom3"  },
        { "predicate": { "pulling": 1, "pull": 0.26, "custom_model_data": 666 }, "model": "shotguns/doom/shotgun_loading_doom4"  },
        { "predicate": { "pulling": 1, "pull": 0.29, "custom_model_data": 666 }, "model": "shotguns/doom/shotgun_loading_doom5"  },
	{ "predicate": { "pulling": 1, "pull": 0.32, "custom_model_data": 666 }, "model": "shotguns/doom/shotgun_loading_doom6"  },
	{ "predicate": { "pulling": 1, "pull": 0.4, "custom_model_data": 666 }, "model": "shotguns/doom/shotgun_loading_doom7"  },
	{ "predicate": { "pulling": 1, "pull": 0.5, "custom_model_data": 666 }, "model": "shotguns/doom/shotgun_loading_doom8"  },
	{ "predicate": { "pulling": 1, "pull": 0.6, "custom_model_data": 666 }, "model": "shotguns/doom/shotgun_loading_doom9"  },
	{ "predicate": { "pulling": 1, "pull": 0.7, "custom_model_data": 666 }, "model": "shotguns/doom/shotgun_loading_doom10" },
	{ "predicate": { "pulling": 1, "pull": 0.8, "custom_model_data": 666 }, "model": "shotguns/doom/shotgun_loading_doom11" },
	{ "predicate": { "pulling": 1, "pull": 0.9, "custom_model_data": 666 }, "model": "shotguns/doom/shotgun_loading_doom12" },
	{ "predicate": { "pulling": 1, "pull": 1.0, "custom_model_data": 666 }, "model": "shotguns/doom/shotgun_loading_doom13" },
	{ "predicate": { "pulling": 1, "pull": 1.12, "custom_model_data": 666 }, "model": "shotguns/doom/shotgun_loading_doom14" },
        { "predicate": { "charged": 1, "custom_model_data": 666 }, "model": "shotguns/doom/shotgun_loaded_doom" }
    ]
}
