{
"worf.slip": {"sounds": [{"name": "worf:worf/slip","stream": true}],"category":"master"},
"worf.confetti": {"sounds": [{"name": "worf:worf/confetti","stream": true}],"category":"master"},
"worf.chomp": {"sounds": [{"name": "worf:worf/chomp","stream": true}],"category":"master"},
"worf.clownlaugh": {"sounds": [{"name": "worf:worf/clownlaugh","stream": true}],"category":"master"},

"worf.glowstick": {"sounds": [{"name": "worf:worf/glowstick","stream": true}],"category":"master"},
"worf.goldenticket": {"sounds": [{"name": "worf:worf/goldenticket","stream": true}],"category":"master"},
"worf.lose": {"sounds": [{"name": "worf:worf/lose","stream": true}],"category":"master"},
"worf.win": {"sounds": [{"name": "worf:worf/win","stream": true}],"category":"master"},
"worf.mirror": {"sounds": [{"name": "worf:worf/mirror","stream": true}],"category":"master"},
"worf.water": {"sounds": [{"name": "worf:worf/water","stream": true}],"category":"master"},
"worf.whack": {"sounds": [{"name": "worf:worf/whack","stream": true}],"category":"master"},

"worf.game1": {"sounds": [{"name": "worf:worf/game1","stream": true}],"category":"master"},
"worf.game2": {"sounds": [{"name": "worf:worf/game2","stream": true}],"category":"master"},
"worf.game3": {"sounds": [{"name": "worf:worf/game3","stream": true}],"category":"master"},
"worf.game4": {"sounds": [{"name": "worf:worf/game4","stream": true}],"category":"master"},
"worf.game5": {"sounds": [{"name": "worf:worf/game5","stream": true}],"category":"master"},
"worf.ending": {"sounds": [{"name": "worf:worf/ending","stream": true}],"category":"master"},
"worf.waiting": {"sounds": [{"name": "worf:worf/waiting","stream": true}],"category":"master"}
}