{
	"credit": "Made with Blockbench",
	"textures": {
		"shotgun_texture": "item/shotgun"
	},
	"elements": [
		{
			"name": "Stock 1",
			"from": [7.3, -3, 16],
			"to": [8.7, 0, 18],
			"rotation": {"angle": -45, "axis": "x", "origin": [8, 2, 15]},
			"faces": {
				"north": {"uv": [13, 14.5, 14, 16], "texture": "#shotgun_texture"},
				"east": {"uv": [12, 14.5, 13, 16], "texture": "#shotgun_texture"},
				"south": {"uv": [15, 14.5, 16, 16], "texture": "#shotgun_texture"},
				"west": {"uv": [14, 14.5, 15, 16], "texture": "#shotgun_texture"},
				"up": {"uv": [15, 13.5, 16, 14.5], "texture": "#shotgun_texture"},
				"down": {"uv": [14, 13.5, 15, 14.5], "texture": "#shotgun_texture"}
			}
		},
		{
			"name": "Underbarrel Handle",
			"from": [7.25, 2, 7],
			"to": [8.75, 3, 12],
			"rotation": {"angle": 0, "axis": "y", "origin": [0, 0, 0]},
			"faces": {
				"north": {"uv": [2.5, 14.5, 3.5, 15], "texture": "#shotgun_texture"},
				"east": {"uv": [0, 14.5, 2.5, 15], "texture": "#shotgun_texture"},
				"west": {"uv": [3.5, 14.5, 6, 15], "texture": "#shotgun_texture"},
				"down": {"uv": [3.5, 15, 6, 16], "texture": "#shotgun_texture"}
			}
		},
		{
			"name": "Sight",
			"from": [7.9, 4.1, 3],
			"to": [8.1, 4.4, 3.8],
			"rotation": {"angle": 0, "axis": "y", "origin": [0, 0, 0]},
			"faces": {
				"north": {"uv": [11, 11, 11.5, 11.5], "texture": "#shotgun_texture"},
				"east": {"uv": [11, 11, 11.5, 11.5], "texture": "#shotgun_texture"},
				"south": {"uv": [11, 11, 11.5, 11.5], "texture": "#shotgun_texture"},
				"west": {"uv": [11, 11, 11.5, 11.5], "texture": "#shotgun_texture"},
				"up": {"uv": [11, 11, 11.5, 11.5], "texture": "#shotgun_texture"}
			}
		},
		{
			"name": "Barrel Pivot Point",
			"from": [7, 2, 12],
			"to": [9, 3, 13],
			"rotation": {"angle": 0, "axis": "y", "origin": [0, 0, 0]},
			"faces": {
				"north": {"uv": [8.5, 10.5, 9, 11.5], "texture": "#shotgun_texture"},
				"east": {"uv": [8.5, 10.5, 9, 11], "texture": "#shotgun_texture"},
				"west": {"uv": [8.5, 10.5, 9, 11], "texture": "#shotgun_texture"},
				"down": {"uv": [9.5, 10.5, 9, 11.5], "texture": "#shotgun_texture"}
			}
		},
		{
			"name": "Trigger Guard 1",
			"from": [7.7, 0.74, 13.63],
			"to": [8.3, 1.14, 15.63],
			"rotation": {"angle": 0, "axis": "y", "origin": [0, 0, 0]},
			"faces": {
				"north": {"uv": [0, 11, 0.5, 11.5], "texture": "#shotgun_texture"},
				"east": {"uv": [0, 11, 0.5, 11.5], "texture": "#shotgun_texture"},
				"south": {"uv": [0, 11, 0.5, 11.5], "texture": "#shotgun_texture"},
				"west": {"uv": [0, 11, 0.5, 11.5], "texture": "#shotgun_texture"},
				"up": {"uv": [0, 11, 0.5, 11.5], "texture": "#shotgun_texture"},
				"down": {"uv": [0, 11, 0.5, 11.5], "texture": "#shotgun_texture"}
			}
		},
		{
			"name": "Right Barrel Bottom",
			"from": [8.1, 2.8, 3],
			"to": [8.9, 3, 13],
			"rotation": {"angle": 0, "axis": "y", "origin": [0, 0, 0]},
			"faces": {
				"north": {"uv": [6.5, 6, 10.5, 7], "texture": "#shotgun_texture"},
				"east": {"uv": [11, 12.2, 16, 12.3], "texture": "#shotgun_texture"},
				"west": {"uv": [11, 12.5, 16, 12.6], "rotation": 180, "texture": "#shotgun_texture"},
				"down": {"uv": [11, 12.5, 16, 13], "rotation": 90, "texture": "#shotgun_texture"}
			}
		},
		{
			"name": "Right Barrel Side",
			"from": [9, 3.1, 3],
			"to": [9.2, 3.9, 13],
			"rotation": {"angle": 0, "axis": "y", "origin": [0, 0, 0]},
			"faces": {
				"north": {"uv": [11, 1.5, 12, 5.5], "texture": "#shotgun_texture"},
				"east": {"uv": [11, 9, 16, 10.5], "texture": "#shotgun_texture"},
				"up": {"uv": [11, 11.7, 16, 11.8], "rotation": 90, "texture": "#shotgun_texture"},
				"down": {"uv": [11, 11.7, 16, 11.8], "rotation": 90, "texture": "#shotgun_texture"}
			}
		},
		{
			"name": "Left Barrel Bottom",
			"from": [7.1, 2.8, 3],
			"to": [7.9, 3, 13],
			"rotation": {"angle": 0, "axis": "y", "origin": [0, 0, 0]},
			"faces": {
				"north": {"uv": [1.5, 6, 5.5, 7], "texture": "#shotgun_texture"},
				"east": {"uv": [11, 12.5, 16, 12.7], "texture": "#shotgun_texture"},
				"west": {"uv": [11, 12, 16, 12.2], "texture": "#shotgun_texture"},
				"down": {"uv": [11, 12, 16, 12.5], "rotation": 90, "texture": "#shotgun_texture"}
			}
		},
		{
			"name": "Left Barrel Side",
			"from": [6.8, 3.1, 3],
			"to": [7, 3.9, 13],
			"rotation": {"angle": 0, "axis": "y", "origin": [0, 0, 0]},
			"faces": {
				"north": {"uv": [0, 1.5, 1, 5.5], "texture": "#shotgun_texture"},
				"west": {"uv": [11, 7, 16, 8.5], "texture": "#shotgun_texture"},
				"up": {"uv": [11, 11.4, 16, 11.5], "rotation": 90, "texture": "#shotgun_texture"},
				"down": {"uv": [11, 12, 16, 12.2], "rotation": 90, "texture": "#shotgun_texture"}
			}
		},
		{
			"name": "Left Barrel Top",
			"from": [7.1, 4, 3],
			"to": [7.9, 4.2, 13],
			"rotation": {"angle": 0, "axis": "y", "origin": [0, 0, 0]},
			"faces": {
				"north": {"uv": [1.5, 0, 5.5, 1], "texture": "#shotgun_texture"},
				"east": {"uv": [11, 11.5, 16, 11.7], "texture": "#shotgun_texture"},
				"west": {"uv": [11, 11.3, 16, 11.5], "texture": "#shotgun_texture"},
				"up": {"uv": [11, 11, 16, 11.5], "rotation": 90, "texture": "#shotgun_texture"}
			}
		},
		{
			"name": "Right Barrel Top",
			"from": [8.1, 4, 3],
			"to": [8.9, 4.2, 13],
			"rotation": {"angle": 0, "axis": "y", "origin": [0, 0, 0]},
			"faces": {
				"north": {"uv": [6.5, 1, 10.5, 0], "texture": "#shotgun_texture"},
				"east": {"uv": [11, 10.5, 16, 10.7], "texture": "#shotgun_texture"},
				"west": {"uv": [11, 11, 16, 10.8], "texture": "#shotgun_texture"},
				"up": {"uv": [11, 10.5, 16, 11], "rotation": 90, "texture": "#shotgun_texture"}
			}
		},
		{
			"name": "Stock 4",
			"from": [7.1, 4, 13],
			"to": [8.9, 4.2, 15.6],
			"rotation": {"angle": 0, "axis": "y", "origin": [0, 0, 0]},
			"faces": {
				"north": {"uv": [9, 9.6, 9.2, 10.4], "texture": "#shotgun_texture"},
				"east": {"uv": [9, 9.6, 10.3, 9.8], "rotation": 180, "texture": "#shotgun_texture"},
				"south": {"uv": [10.1, 9.6, 10.3, 10.4], "rotation": 90, "texture": "#shotgun_texture"},
				"west": {"uv": [9, 10.2, 10.3, 10.4], "texture": "#shotgun_texture"},
				"up": {"uv": [9, 9.6, 10.3, 10.4], "rotation": 90, "texture": "#shotgun_texture"}
			}
		},
		{
			"name": "Trigger Guard 2",
			"from": [7.7, 0.6, 13.1],
			"to": [8.3, 2, 13.5],
			"rotation": {"angle": -22.5, "axis": "x", "origin": [8, 2, 13]},
			"faces": {
				"north": {"uv": [0, 11, 0.5, 11.5], "texture": "#shotgun_texture"},
				"east": {"uv": [0, 11, 0.5, 11.5], "texture": "#shotgun_texture"},
				"south": {"uv": [0, 11, 0.5, 11.5], "texture": "#shotgun_texture"},
				"west": {"uv": [0, 11, 0.5, 11.5], "texture": "#shotgun_texture"},
				"down": {"uv": [0, 11, 0.5, 11.5], "texture": "#shotgun_texture"}
			}
		},
		{
			"name": "Stock 3",
			"from": [7, 2, 13],
			"to": [9, 4, 16],
			"rotation": {"angle": 0, "axis": "y", "origin": [0, 0, 0]},
			"faces": {
				"north": {"uv": [8, 10.5, 9, 11.5], "texture": "#shotgun_texture"},
				"east": {"uv": [6.5, 10.5, 8, 11.5], "texture": "#shotgun_texture"},
				"south": {"uv": [5.5, 10.5, 6.5, 11.5], "texture": "#shotgun_texture"},
				"west": {"uv": [9, 10.5, 10.5, 11.5], "texture": "#shotgun_texture"},
				"up": {"uv": [9, 9.5, 10.5, 10.5], "rotation": 90, "texture": "#shotgun_texture"},
				"down": {"uv": [6.5, 11.5, 8, 12.5], "rotation": 90, "texture": "#shotgun_texture"}
			}
		},
		{
			"name": "Stock 2",
			"from": [7.1, 2, 15],
			"to": [8.9, 4, 18],
			"rotation": {"angle": 22.5, "axis": "x", "origin": [8, 2, 15]},
			"faces": {
				"north": {"uv": [9.5, 13.5, 10.5, 14.5], "texture": "#shotgun_texture"},
				"east": {"uv": [7.5, 14.5, 8.5, 16], "rotation": 90, "texture": "#shotgun_texture"},
				"south": {"uv": [10.5, 13.5, 11.5, 14.5], "texture": "#shotgun_texture"},
				"west": {"uv": [9.5, 14.5, 10.5, 16], "rotation": 90, "texture": "#shotgun_texture"},
				"up": {"uv": [10.5, 14.5, 11.5, 16], "texture": "#shotgun_texture"},
				"down": {"uv": [8.5, 14.5, 9.5, 16], "texture": "#shotgun_texture"}
			}
		},
		{
			"name": "Stock Left",
			"from": [6.8, 2.5, 13],
			"to": [7, 3.9, 15.4],
			"rotation": {"angle": 0, "axis": "y", "origin": [0, 0, 0]},
			"faces": {
				"north": {"uv": [9, 10.6, 9.2, 11.2], "texture": "#shotgun_texture"},
				"south": {"uv": [10, 10.6, 10.2, 11.2], "texture": "#shotgun_texture"},
				"west": {"uv": [9, 10.6, 10.2, 11.2], "texture": "#shotgun_texture"},
				"up": {"uv": [9, 10.5, 10.2, 10.7], "rotation": 90, "texture": "#shotgun_texture"},
				"down": {"uv": [9, 11.4, 10.2, 11.5], "rotation": 270, "texture": "#shotgun_texture"}
			}
		},
		{
			"name": "Stock Right",
			"from": [9, 2.5, 13],
			"to": [9.2, 3.9, 15.4],
			"rotation": {"angle": 0, "axis": "y", "origin": [0, 0, 0]},
			"faces": {
				"north": {"uv": [7.8, 10.5, 8, 11.2], "texture": "#shotgun_texture"},
				"east": {"uv": [6.8, 10.5, 8, 11.2], "texture": "#shotgun_texture"},
				"south": {"uv": [6.8, 10.5, 7, 11.2], "texture": "#shotgun_texture"},
				"up": {"uv": [6.8, 10.5, 8, 11.4], "rotation": 270, "texture": "#shotgun_texture"},
				"down": {"uv": [6.8, 11, 8, 11.2], "rotation": 90, "texture": "#shotgun_texture"}
			}
		},
		{
			"name": "Top Right Barrel Edge",
			"from": [8.9, 3.9, 3],
			"to": [9.1, 4.1, 13],
			"rotation": {"angle": 0, "axis": "y", "origin": [0, 0, 0]},
			"faces": {
				"north": {"uv": [10.5, 0.5, 11.5, 1.5], "texture": "#shotgun_texture"},
				"east": {"uv": [11, 11.5, 16, 11.7], "texture": "#shotgun_texture"},
				"up": {"uv": [11, 10.5, 16, 10.7], "rotation": 90, "texture": "#shotgun_texture"}
			}
		},
		{
			"name": "Bottom Right Barrel Edge",
			"from": [8.9, 2.9, 3],
			"to": [9.1, 3.1, 13],
			"rotation": {"angle": 0, "axis": "y", "origin": [0, 0, 0]},
			"faces": {
				"north": {"uv": [10.5, 5.5, 11.5, 6.5], "texture": "#shotgun_texture"},
				"east": {"uv": [11, 11.8, 16, 12], "texture": "#shotgun_texture"},
				"down": {"uv": [11, 12, 16, 12.2], "rotation": 90, "texture": "#shotgun_texture"}
			}
		},
		{
			"name": "Bottom Left Barrel Edge",
			"from": [6.9, 2.9, 3],
			"to": [7.1, 3.1, 13],
			"rotation": {"angle": 0, "axis": "y", "origin": [0, 0, 0]},
			"faces": {
				"north": {"uv": [0.5, 5.5, 1.5, 6.5], "texture": "#shotgun_texture"},
				"west": {"uv": [11, 11.5, 16, 12], "texture": "#shotgun_texture"},
				"down": {"uv": [11, 12, 16, 12.2], "rotation": 90, "texture": "#shotgun_texture"}
			}
		},
		{
			"name": "Top Left Barrel Edge",
			"from": [6.9, 3.9, 3],
			"to": [7.1, 4.1, 13],
			"rotation": {"angle": 0, "axis": "y", "origin": [0, 0, 0]},
			"faces": {
				"north": {"uv": [0.5, 0.5, 1.5, 1.5], "texture": "#shotgun_texture"},
				"west": {"uv": [11, 11.5, 16, 11.7], "texture": "#shotgun_texture"},
				"up": {"uv": [11, 11.4, 16, 11.5], "rotation": 90, "texture": "#shotgun_texture"}
			}
		},
		{
			"name": "Barrel Middle",
			"from": [7, 2.9, 3],
			"to": [9, 4.1, 13],
			"rotation": {"angle": 0, "axis": "y", "origin": [0, 0, 0]},
			"faces": {
				"north": {"uv": [1, 0.5, 11, 6.5], "rotation": 180, "texture": "#shotgun_texture"},
				"east": {"uv": [11, 11.5, 16, 12], "rotation": 180, "texture": "#shotgun_texture"},
				"south": {"uv": [1, 0.5, 11, 6.5], "texture": "#shotgun_texture"},
				"west": {"uv": [11, 11.5, 16, 12], "texture": "#shotgun_texture"},
				"up": {"uv": [11, 10.5, 16, 11.5], "rotation": 90, "texture": "#shotgun_texture"},
				"down": {"uv": [11, 12, 16, 13], "rotation": 90, "texture": "#shotgun_texture"}
			}
		},
		{
			"name": "Stock Top Left",
			"from": [6.9, 3.9, 13],
			"to": [7.1, 4.1, 15],
			"rotation": {"angle": 0, "axis": "y", "origin": [0, 0, 0]},
			"faces": {
				"south": {"uv": [9.8, 10.5, 10, 10.7], "texture": "#shotgun_texture"},
				"west": {"uv": [9, 10.5, 10, 10.7], "texture": "#shotgun_texture"},
				"up": {"uv": [9, 10, 10, 10.3], "rotation": 90, "texture": "#shotgun_texture"}
			}
		},
		{
			"name": "Stock Top Right",
			"from": [8.9, 3.9, 13],
			"to": [9.1, 4.1, 15],
			"rotation": {"angle": 0, "axis": "y", "origin": [0, 0, 0]},
			"faces": {
				"east": {"uv": [7, 11.3, 8, 11.5], "texture": "#shotgun_texture"},
				"south": {"uv": [7, 11.3, 7.2, 11.5], "texture": "#shotgun_texture"},
				"up": {"uv": [7, 11.3, 8, 11.5], "rotation": 270, "texture": "#shotgun_texture"}
			}
		},
		{
			"name": "Trigger Guard 3",
			"from": [7.7, 0.55, 15.52],
			"to": [8.3, 1.95, 15.92],
			"rotation": {"angle": 45, "axis": "x", "origin": [8, 1, 16]},
			"faces": {
				"north": {"uv": [0, 11, 0.5, 11.5], "texture": "#shotgun_texture"},
				"east": {"uv": [0, 11, 0.5, 11.5], "texture": "#shotgun_texture"},
				"south": {"uv": [0, 11, 0.5, 11.5], "texture": "#shotgun_texture"},
				"west": {"uv": [0, 11, 0.5, 11.5], "texture": "#shotgun_texture"},
				"down": {"uv": [0, 11, 0.5, 11.5], "texture": "#shotgun_texture"}
			}
		},
		{
			"name": "Trigger",
			"from": [7.7, 0.6, 14.3],
			"to": [8.3, 2, 14.7],
			"rotation": {"angle": -22.5, "axis": "x", "origin": [8, 2, 13]},
			"faces": {
				"north": {"uv": [0, 11.5, 0.5, 12], "texture": "#shotgun_texture"},
				"east": {"uv": [0, 11.5, 0.5, 12], "texture": "#shotgun_texture"},
				"south": {"uv": [0, 11.5, 0.5, 12], "texture": "#shotgun_texture"},
				"west": {"uv": [0, 11.5, 0.5, 12], "texture": "#shotgun_texture"},
				"down": {"uv": [0, 11.5, 0.5, 12], "texture": "#shotgun_texture"}
			}
		}
	],
	"display": {
		"thirdperson_righthand": {
			"translation": [0, 5.5, -6.5]
		},
		"firstperson_righthand": {
			"rotation": [340, 55, 0],
			"translation": [-12, 7, 0],
			"scale": [1, 1, 0.8]
		},
		"firstperson_lefthand": {
			"rotation": [65, 0, 0],
			"translation": [1, 3, 5],
			"scale": [1, 1, 0.8]
		},
		"ground": {
			"translation": [0, 7.3, -5],
			"scale": [1.5, 1.5, 1.5]
		},
		"gui": {
			"rotation": [0, 90, 0],
			"translation": [-3.7, 5.5, 0]
		},
		"head": {
			"translation": [0, 6.8, -2.5]
		},
		"fixed": {
			"rotation": [0, 270, 0],
			"translation": [6, 11, -0.4],
			"scale": [2, 2, 2]
		}
	}
}