{
	"credit": "Made with Blockbench",
	"texture_size": [32, 32],
	"textures": {
		"0": "item/batontexture",
		"particle": "item/batontexture"
	},
	"elements": [
		{
			"from": [6, 0, 5],
			"to": [8, 32, 7],
			"rotation": {"angle": 0, "axis": "y", "origin": [6, 0, 5]},
			"faces": {
				"north": {"uv": [0, 0, 1, 16], "texture": "#0"},
				"east": {"uv": [1, 0, 2, 16], "texture": "#0"},
				"south": {"uv": [2, 0, 3, 16], "texture": "#0"},
				"west": {"uv": [3, 0, 4, 16], "texture": "#0"},
				"up": {"uv": [6, 5, 5, 4], "texture": "#0"},
				"down": {"uv": [6, 5, 5, 6], "texture": "#0"}
			}
		},
		{
			"from": [0, 10, 5],
			"to": [6, 12, 7],
			"rotation": {"angle": 0, "axis": "y", "origin": [0, 10, 5]},
			"faces": {
				"north": {"uv": [4, 0, 7, 1], "texture": "#0"},
				"east": {"uv": [4, 4, 5, 5], "texture": "#0"},
				"south": {"uv": [4, 1, 7, 2], "texture": "#0"},
				"west": {"uv": [4, 5, 5, 6], "texture": "#0"},
				"up": {"uv": [7, 3, 4, 2], "texture": "#0"},
				"down": {"uv": [7, 3, 4, 4], "texture": "#0"}
			}
		}
	],
	"display": {
		"thirdperson_righthand": {
			"rotation": [4, 90, 0],
			"translation": [1.5, 0, 0.25],
			"scale": [0.5, 0.5, 0.5]
		},
		"thirdperson_lefthand": {
			"rotation": [0, -92, 0],
			"translation": [-0.75, 0, 0.75],
			"scale": [0.5, 0.5, 0.5]
		},
		"firstperson_righthand": {
			"rotation": [-7, -36, 0],
			"translation": [1.5, 2.25, 0],
			"scale": [0.5, 0.5, 0.5]
		},
		"firstperson_lefthand": {
			"rotation": [-7, 2, 0],
			"translation": [2.5, 1, 0],
			"scale": [0.5, 0.5, 0.5]
		},
		"ground": {
			"translation": [0, 2.25, 0],
			"scale": [0.5, 0.5, 0.5]
		},
		"gui": {
			"rotation": [0, 0, -45],
			"translation": [-2.5, -4.25, 0],
			"scale": [0.6, 0.6, 0.6]
		}
	}
}