{
 "parent": "item/generated",
 "textures": {
 "layer0": "item/melon_seeds"
 },
 
 "overrides": [
 {"predicate": {"custom_model_data":1}, "model": "item/flower"},
 {"predicate": {"custom_model_data":2}, "model": "item/glowstick"},
 {"predicate": {"custom_model_data":3}, "model": "item/confetti"},
 {"predicate": {"custom_model_data":4}, "model": "item/bananas"},
 {"predicate": {"custom_model_data":5}, "model": "item/mirror"},
 {"predicate": {"custom_model_data":6}, "model": "item/mime"},
 {"predicate": {"custom_model_data":7}, "model": "item/ticket"},	
 {"predicate": {"custom_model_data":8}, "model": "item/toyhammer"},

 {"predicate": {"custom_model_data":9}, "model": "item/clownface"},	
 {"predicate": {"custom_model_data":10}, "model": "item/guard"},

 {"predicate": {"custom_model_data":11}, "model": "item/yellowballoon"},
 {"predicate": {"custom_model_data":12}, "model": "item/blueballoon"},
 {"predicate": {"custom_model_data":13}, "model": "item/greenballoon"},
 {"predicate": {"custom_model_data":14}, "model": "item/redballoon"},

 {"predicate": {"custom_model_data":15}, "model": "item/yellowcircle"},
 {"predicate": {"custom_model_data":16}, "model": "item/bluecircle"},
 {"predicate": {"custom_model_data":17}, "model": "item/pinkcircle"},
 {"predicate": {"custom_model_data":18}, "model": "item/greencircle"},
 {"predicate": {"custom_model_data":19}, "model": "item/orangecircle"},

 {"predicate": {"custom_model_data":20}, "model": "item/italiantut"}

 ]
}