{
	"credit": "Made with Blockbench",
	"texture_size": [64, 64],
	"textures": {
		"0": "item/clownfacetexture",
		"particle": "item/clownfacetexture"
	},
	"elements": [
		{
			"from": [1, 2, 5],
			"to": [13, 8, 14],
			"rotation": {"angle": 0, "axis": "y", "origin": [1, 2, 5]},
			"faces": {
				"north": {"uv": [0, 4.5, 3, 6], "texture": "#0"},
				"east": {"uv": [6, 3.5, 8.25, 5], "texture": "#0"},
				"south": {"uv": [3, 4.5, 6, 6], "texture": "#0"},
				"west": {"uv": [4, 6, 6.25, 7.5], "texture": "#0"},
				"up": {"uv": [3, 2.25, 0, 0], "texture": "#0"},
				"down": {"uv": [3, 2.25, 0, 4.5], "texture": "#0"}
			}
		},
		{
			"from": [0, 3, 6],
			"to": [1, 7, 13],
			"rotation": {"angle": 0, "axis": "y", "origin": [0, 3, 6]},
			"faces": {
				"north": {"uv": [6, 7.5, 6.25, 8.5], "texture": "#0"},
				"east": {"uv": [0, 7.75, 1.75, 8.75], "texture": "#0"},
				"south": {"uv": [3.25, 8.75, 3.5, 9.75], "texture": "#0"},
				"west": {"uv": [1.75, 7.75, 3.5, 8.75], "texture": "#0"},
				"up": {"uv": [3.75, 9.5, 3.5, 7.75], "texture": "#0"},
				"down": {"uv": [4, 7.75, 3.75, 9.5], "texture": "#0"}
			}
		},
		{
			"from": [3, 10, 6],
			"to": [11, 11, 13],
			"rotation": {"angle": 0, "axis": "y", "origin": [3, 10, 6]},
			"faces": {
				"north": {"uv": [8.75, 6.25, 10.75, 6.5], "texture": "#0"},
				"east": {"uv": [8.75, 6.75, 10.5, 7], "texture": "#0"},
				"south": {"uv": [8.75, 6.5, 10.75, 6.75], "texture": "#0"},
				"west": {"uv": [8.75, 8, 10.5, 8.25], "texture": "#0"},
				"up": {"uv": [2, 7.75, 0, 6], "texture": "#0"},
				"down": {"uv": [4, 6, 2, 7.75], "texture": "#0"}
			}
		},
		{
			"from": [2, 3, 14],
			"to": [12, 7, 15],
			"rotation": {"angle": 0, "axis": "y", "origin": [2, 3, 14]},
			"faces": {
				"north": {"uv": [6, 5, 8.5, 6], "texture": "#0"},
				"east": {"uv": [2, 9, 2.25, 10], "texture": "#0"},
				"south": {"uv": [6.25, 6, 8.75, 7], "texture": "#0"},
				"west": {"uv": [2.25, 9, 2.5, 10], "texture": "#0"},
				"up": {"uv": [11, 5.75, 8.5, 5.5], "texture": "#0"},
				"down": {"uv": [11, 5.75, 8.5, 6], "texture": "#0"}
			}
		},
		{
			"from": [13, 3, 6],
			"to": [14, 7, 13],
			"rotation": {"angle": 0, "axis": "y", "origin": [13, 3, 6]},
			"faces": {
				"north": {"uv": [0, 9.25, 0.25, 10.25], "texture": "#0"},
				"east": {"uv": [7.75, 7, 9.5, 8], "texture": "#0"},
				"south": {"uv": [0.25, 9.25, 0.5, 10.25], "texture": "#0"},
				"west": {"uv": [8, 0, 9.75, 1], "texture": "#0"},
				"up": {"uv": [7.75, 10.25, 7.5, 8.5], "texture": "#0"},
				"down": {"uv": [2.75, 8.75, 2.5, 10.5], "texture": "#0"}
			}
		},
		{
			"from": [2, 8, 5],
			"to": [12, 10, 14],
			"rotation": {"angle": 0, "axis": "y", "origin": [2, 8, 5]},
			"faces": {
				"north": {"uv": [8, 1, 10.5, 1.5], "texture": "#0"},
				"east": {"uv": [8, 2, 10.25, 2.5], "texture": "#0"},
				"south": {"uv": [8, 1.5, 10.5, 2], "texture": "#0"},
				"west": {"uv": [8, 2.5, 10.25, 3], "texture": "#0"},
				"up": {"uv": [5.5, 2.25, 3, 0], "texture": "#0"},
				"down": {"uv": [5.5, 2.25, 3, 4.5], "texture": "#0"}
			}
		},
		{
			"from": [2, 1, 6],
			"to": [12, 2, 13],
			"rotation": {"angle": 0, "axis": "y", "origin": [2, 1, 6]},
			"faces": {
				"north": {"uv": [0, 8.75, 2.5, 9], "texture": "#0"},
				"east": {"uv": [8.75, 8.25, 10.5, 8.5], "texture": "#0"},
				"south": {"uv": [8.75, 6, 11.25, 6.25], "texture": "#0"},
				"west": {"uv": [8.75, 8.5, 10.5, 8.75], "texture": "#0"},
				"up": {"uv": [8, 1.75, 5.5, 0], "texture": "#0"},
				"down": {"uv": [8, 1.75, 5.5, 3.5], "texture": "#0"}
			}
		},
		{
			"from": [6, 2, 2],
			"to": [8, 4, 4],
			"rotation": {"angle": 0, "axis": "y", "origin": [6, 2, 2]},
			"faces": {
				"north": {"uv": [0.5, 9.25, 1, 9.75], "texture": "#0"},
				"east": {"uv": [1, 9.25, 1.5, 9.75], "texture": "#0"},
				"south": {"uv": [9.25, 3, 9.75, 3.5], "texture": "#0"},
				"west": {"uv": [9.25, 3.5, 9.75, 4], "texture": "#0"},
				"up": {"uv": [4.5, 9.75, 4, 9.25], "texture": "#0"},
				"down": {"uv": [9.75, 4, 9.25, 4.5], "texture": "#0"}
			}
		},
		{
			"from": [8, 11, 9],
			"to": [12, 14, 13],
			"rotation": {"angle": -22.5, "axis": "z", "origin": [8, 11, 9]},
			"faces": {
				"north": {"uv": [8.25, 4, 9.25, 4.75], "texture": "#0"},
				"east": {"uv": [8.5, 4.75, 9.5, 5.5], "texture": "#0"},
				"south": {"uv": [5.5, 8.5, 6.5, 9.25], "texture": "#0"},
				"west": {"uv": [6.5, 8.5, 7.5, 9.25], "texture": "#0"},
				"up": {"uv": [8.75, 9, 7.75, 8], "texture": "#0"},
				"down": {"uv": [9.25, 3, 8.25, 4], "texture": "#0"}
			}
		},
		{
			"from": [7, 11, 8],
			"to": [13, 12, 14],
			"rotation": {"angle": -22.5, "axis": "z", "origin": [7, 11, 8]},
			"faces": {
				"north": {"uv": [8.75, 8.75, 10.25, 9], "texture": "#0"},
				"east": {"uv": [0, 9, 1.5, 9.25], "texture": "#0"},
				"south": {"uv": [4, 9, 5.5, 9.25], "texture": "#0"},
				"west": {"uv": [7.75, 9, 9.25, 9.25], "texture": "#0"},
				"up": {"uv": [7.75, 8.5, 6.25, 7], "texture": "#0"},
				"down": {"uv": [5.5, 7.5, 4, 9], "texture": "#0"}
			}
		},
		{
			"from": [10, 13, 10],
			"to": [12, 16, 12],
			"rotation": {"angle": -22.5, "axis": "z", "origin": [10, 13, 10]},
			"faces": {
				"north": {"uv": [5.5, 3.5, 6, 4.25], "texture": "#0"},
				"east": {"uv": [5.5, 7.5, 6, 8.25], "texture": "#0"},
				"south": {"uv": [2.75, 8.75, 3.25, 9.5], "texture": "#0"},
				"west": {"uv": [1.5, 9, 2, 9.75], "texture": "#0"},
				"up": {"uv": [5, 9.75, 4.5, 9.25], "texture": "#0"},
				"down": {"uv": [5.5, 9.25, 5, 9.75], "texture": "#0"}
			}
		}
	],
	"display": {
		"head": {
			"translation": [1.5, 6.25, 0],
			"scale": [1.5, 1.5, 1.5]
		}
	}
}