{
	"credit": "Made with Blockbench",
	"texture_size": [32, 32],
	"textures": {
		"0": "item/securityguardtexture",
		"particle": "item/securityguardtexture"
	},
	"elements": [
		{
			"from": [3, 12, 3],
			"to": [13, 13, 15],
			"rotation": {"angle": 0, "axis": "y", "origin": [3, 12, 3]},
			"faces": {
				"north": {"uv": [10, 5, 15, 5.5], "texture": "#0"},
				"east": {"uv": [10, 4, 16, 4.5], "texture": "#0"},
				"south": {"uv": [10, 5.5, 15, 6], "texture": "#0"},
				"west": {"uv": [10, 4.5, 16, 5], "texture": "#0"},
				"up": {"uv": [5, 6, 0, 0], "texture": "#0"},
				"down": {"uv": [10, 0, 5, 6], "texture": "#0"}
			}
		},
		{
			"from": [3, 13, 6],
			"to": [13, 15, 15],
			"rotation": {"angle": 0, "axis": "y", "origin": [3, 13, 6]},
			"faces": {
				"north": {"uv": [10, 0, 15, 1], "texture": "#0"},
				"east": {"uv": [10, 2, 14.5, 3], "texture": "#0"},
				"south": {"uv": [10, 1, 15, 2], "texture": "#0"},
				"west": {"uv": [10, 3, 14.5, 4], "texture": "#0"},
				"up": {"uv": [5, 10.5, 0, 6], "texture": "#0"},
				"down": {"uv": [10, 6, 5, 10.5], "texture": "#0"}
			}
		},
		{
			"from": [4, 8, 6],
			"to": [7, 11, 6],
			"rotation": {"angle": 0, "axis": "y", "origin": [4, 8, 6]},
			"faces": {
				"north": {"uv": [10, 6, 11.5, 7], "texture": "#0"},
				"east": {"uv": [0, 0, 0, 1], "texture": "#0"},
				"south": {"uv": [10, 7, 11.5, 8], "texture": "#0"},
				"west": {"uv": [0, 0, 0, 1], "texture": "#0"},
				"up": {"uv": [1.5, 0, 0, 0], "texture": "#0"},
				"down": {"uv": [1.5, 0, 0, 0], "texture": "#0"}
			}
		},
		{
			"from": [7, 10, 6],
			"to": [9, 11, 6],
			"rotation": {"angle": 0, "axis": "y", "origin": [7, 10, 6]},
			"faces": {
				"north": {"uv": [10, 10, 11, 10.5], "texture": "#0"},
				"east": {"uv": [0, 0, 0, 0.5], "texture": "#0"},
				"south": {"uv": [0, 10.5, 1, 11], "texture": "#0"},
				"west": {"uv": [0, 0, 0, 0.5], "texture": "#0"},
				"up": {"uv": [1, 0, 0, 0], "texture": "#0"},
				"down": {"uv": [1, 0, 0, 0], "texture": "#0"}
			}
		},
		{
			"from": [3, 10, 6],
			"to": [4, 11, 6],
			"rotation": {"angle": 0, "axis": "y", "origin": [3, 10, 6]},
			"faces": {
				"north": {"uv": [1, 10.5, 1.5, 11], "texture": "#0"},
				"east": {"uv": [0, 0, 0, 0.5], "texture": "#0"},
				"south": {"uv": [1.5, 10.5, 2, 11], "texture": "#0"},
				"west": {"uv": [0, 0, 0, 0.5], "texture": "#0"},
				"up": {"uv": [0.5, 0, 0, 0], "texture": "#0"},
				"down": {"uv": [0.5, 0, 0, 0], "texture": "#0"}
			}
		},
		{
			"from": [12, 10, 6],
			"to": [13, 11, 6],
			"rotation": {"angle": 0, "axis": "y", "origin": [12, 10, 6]},
			"faces": {
				"north": {"uv": [2, 10.5, 2.5, 11], "texture": "#0"},
				"east": {"uv": [0, 0, 0, 0.5], "texture": "#0"},
				"south": {"uv": [2.5, 10.5, 3, 11], "texture": "#0"},
				"west": {"uv": [0, 0, 0, 0.5], "texture": "#0"},
				"up": {"uv": [0.5, 0, 0, 0], "texture": "#0"},
				"down": {"uv": [0.5, 0, 0, 0], "texture": "#0"}
			}
		},
		{
			"from": [3, 10, 6],
			"to": [3, 11, 8],
			"rotation": {"angle": 0, "axis": "y", "origin": [3, 10, 6]},
			"faces": {
				"north": {"uv": [0, 0, 0, 0.5], "texture": "#0"},
				"east": {"uv": [3, 10.5, 3.5, 11], "texture": "#0"},
				"south": {"uv": [0, 0, 0, 0.5], "texture": "#0"},
				"west": {"uv": [3.5, 10.5, 4, 11], "texture": "#0"},
				"up": {"uv": [0, 0.5, 0, 0], "texture": "#0"},
				"down": {"uv": [0, 0, 0, 0.5], "texture": "#0"}
			}
		},
		{
			"from": [13, 10, 6],
			"to": [13, 11, 8],
			"rotation": {"angle": 0, "axis": "y", "origin": [13, 10, 6]},
			"faces": {
				"north": {"uv": [0, 0, 0, 0.5], "texture": "#0"},
				"east": {"uv": [4, 10.5, 4.5, 11], "texture": "#0"},
				"south": {"uv": [0, 0, 0, 0.5], "texture": "#0"},
				"west": {"uv": [4.5, 10.5, 5, 11], "texture": "#0"},
				"up": {"uv": [0, 0.5, 0, 0], "texture": "#0"},
				"down": {"uv": [0, 0, 0, 0.5], "texture": "#0"}
			}
		},
		{
			"from": [9, 8, 6],
			"to": [12, 11, 6],
			"rotation": {"angle": 0, "axis": "y", "origin": [9, 8, 6]},
			"faces": {
				"north": {"uv": [10, 8, 11.5, 9], "texture": "#0"},
				"east": {"uv": [0, 0, 0, 1], "texture": "#0"},
				"south": {"uv": [10, 9, 11.5, 10], "texture": "#0"},
				"west": {"uv": [0, 0, 0, 1], "texture": "#0"},
				"up": {"uv": [1.5, 0, 0, 0], "texture": "#0"},
				"down": {"uv": [1.5, 0, 0, 0], "texture": "#0"}
			}
		}
	],
	"display": {
		"head": {
			"translation": [0, -3.75, -4],
			"scale": [1.3, 1.76, 1.65]
		}
	}
}