{
	"credit": "Made with Blockbench",
	"texture_size": [32, 32],
	"textures": {
		"0": "item/redballoontexture",
		"particle": "item/redballoontexture"
	},
	"elements": [
		{
			"from": [4, 21, 3],
			"to": [14, 32, 13],
			"rotation": {"angle": 0, "axis": "y", "origin": [4, 21, 3]},
			"faces": {
				"north": {"uv": [0, 0, 5, 5.5], "texture": "#0"},
				"east": {"uv": [5, 0, 10, 5.5], "texture": "#0"},
				"south": {"uv": [0, 5.5, 5, 11], "texture": "#0"},
				"west": {"uv": [5, 5.5, 10, 11], "texture": "#0"},
				"up": {"uv": [15, 5, 10, 0], "texture": "#0"},
				"down": {"uv": [15, 5, 10, 10], "texture": "#0"}
			}
		},
		{
			"from": [7, 20, 6],
			"to": [11, 30, 10],
			"rotation": {"angle": 0, "axis": "y", "origin": [7, 20, 6]},
			"faces": {
				"north": {"uv": [10, 10, 12, 15], "texture": "#0"},
				"east": {"uv": [0, 11, 2, 16], "texture": "#0"},
				"south": {"uv": [2, 11, 4, 16], "texture": "#0"},
				"west": {"uv": [4, 11, 6, 16], "texture": "#0"},
				"up": {"uv": [8, 13, 6, 11], "texture": "#0"},
				"down": {"uv": [10, 11, 8, 13], "texture": "#0"}
			}
		},
		{
			"from": [8, -16, 7],
			"to": [10, -14, 9],
			"rotation": {"angle": 0, "axis": "y", "origin": [8, -16, 7]},
			"faces": {
				"north": {"uv": [12, 10, 13, 11], "texture": "#0"},
				"east": {"uv": [12, 11, 13, 12], "texture": "#0"},
				"south": {"uv": [12, 12, 13, 13], "texture": "#0"},
				"west": {"uv": [6, 13, 7, 14], "texture": "#0"},
				"up": {"uv": [8, 14, 7, 13], "texture": "#0"},
				"down": {"uv": [9, 13, 8, 14], "texture": "#0"}
			}
		},
		{
			"from": [8, -14, 8],
			"to": [9, -10, 8],
			"rotation": {"angle": 0, "axis": "y", "origin": [8, -14, 8]},
			"faces": {
				"north": {"uv": [9, 13, 9.5, 15], "texture": "#0"},
				"east": {"uv": [0, 0, 0, 2], "texture": "#0"},
				"south": {"uv": [9.5, 13, 10, 15], "texture": "#0"},
				"west": {"uv": [0, 0, 0, 2], "texture": "#0"},
				"up": {"uv": [0.5, 0, 0, 0], "texture": "#0"},
				"down": {"uv": [0.5, 0, 0, 0], "texture": "#0"}
			}
		},
		{
			"from": [9, -10, 8],
			"to": [10, -6, 8],
			"rotation": {"angle": 0, "axis": "y", "origin": [9, -10, 8]},
			"faces": {
				"north": {"uv": [13, 10, 13.5, 12], "texture": "#0"},
				"east": {"uv": [0, 0, 0, 2], "texture": "#0"},
				"south": {"uv": [12, 13, 12.5, 15], "texture": "#0"},
				"west": {"uv": [0, 0, 0, 2], "texture": "#0"},
				"up": {"uv": [0.5, 0, 0, 0], "texture": "#0"},
				"down": {"uv": [0.5, 0, 0, 0], "texture": "#0"}
			}
		},
		{
			"from": [8, -6, 8],
			"to": [9, -2, 8],
			"rotation": {"angle": 0, "axis": "y", "origin": [8, -6, 8]},
			"faces": {
				"north": {"uv": [13, 12, 13.5, 14], "texture": "#0"},
				"east": {"uv": [0, 0, 0, 2], "texture": "#0"},
				"south": {"uv": [12.5, 13, 13, 15], "texture": "#0"},
				"west": {"uv": [0, 0, 0, 2], "texture": "#0"},
				"up": {"uv": [0.5, 0, 0, 0], "texture": "#0"},
				"down": {"uv": [0.5, 0, 0, 0], "texture": "#0"}
			}
		},
		{
			"from": [9, -2, 8],
			"to": [10, 2, 8],
			"rotation": {"angle": 0, "axis": "y", "origin": [9, -2, 8]},
			"faces": {
				"north": {"uv": [13.5, 10, 14, 12], "texture": "#0"},
				"east": {"uv": [0, 0, 0, 2], "texture": "#0"},
				"south": {"uv": [13.5, 12, 14, 14], "texture": "#0"},
				"west": {"uv": [0, 0, 0, 2], "texture": "#0"},
				"up": {"uv": [0.5, 0, 0, 0], "texture": "#0"},
				"down": {"uv": [0.5, 0, 0, 0], "texture": "#0"}
			}
		},
		{
			"from": [8, 2, 8],
			"to": [9, 6, 8],
			"rotation": {"angle": 0, "axis": "y", "origin": [8, 2, 8]},
			"faces": {
				"north": {"uv": [6, 14, 6.5, 16], "texture": "#0"},
				"east": {"uv": [0, 0, 0, 2], "texture": "#0"},
				"south": {"uv": [6.5, 14, 7, 16], "texture": "#0"},
				"west": {"uv": [0, 0, 0, 2], "texture": "#0"},
				"up": {"uv": [0.5, 0, 0, 0], "texture": "#0"},
				"down": {"uv": [0.5, 0, 0, 0], "texture": "#0"}
			}
		},
		{
			"from": [9, 6, 8],
			"to": [10, 10, 8],
			"rotation": {"angle": 0, "axis": "y", "origin": [9, 6, 8]},
			"faces": {
				"north": {"uv": [7, 14, 7.5, 16], "texture": "#0"},
				"east": {"uv": [0, 0, 0, 2], "texture": "#0"},
				"south": {"uv": [7.5, 14, 8, 16], "texture": "#0"},
				"west": {"uv": [0, 0, 0, 2], "texture": "#0"},
				"up": {"uv": [0.5, 0, 0, 0], "texture": "#0"},
				"down": {"uv": [0.5, 0, 0, 0], "texture": "#0"}
			}
		},
		{
			"from": [8, 10, 8],
			"to": [9, 14, 8],
			"rotation": {"angle": 0, "axis": "y", "origin": [8, 10, 8]},
			"faces": {
				"north": {"uv": [8, 14, 8.5, 16], "texture": "#0"},
				"east": {"uv": [0, 0, 0, 2], "texture": "#0"},
				"south": {"uv": [8.5, 14, 9, 16], "texture": "#0"},
				"west": {"uv": [0, 0, 0, 2], "texture": "#0"},
				"up": {"uv": [0.5, 0, 0, 0], "texture": "#0"},
				"down": {"uv": [0.5, 0, 0, 0], "texture": "#0"}
			}
		},
		{
			"from": [9, 14, 8],
			"to": [10, 18, 8],
			"rotation": {"angle": 0, "axis": "y", "origin": [9, 14, 8]},
			"faces": {
				"north": {"uv": [14, 10, 14.5, 12], "texture": "#0"},
				"east": {"uv": [0, 0, 0, 2], "texture": "#0"},
				"south": {"uv": [14, 12, 14.5, 14], "texture": "#0"},
				"west": {"uv": [0, 0, 0, 2], "texture": "#0"},
				"up": {"uv": [0.5, 0, 0, 0], "texture": "#0"},
				"down": {"uv": [0.5, 0, 0, 0], "texture": "#0"}
			}
		},
		{
			"from": [8, 18, 8],
			"to": [9, 22, 8],
			"rotation": {"angle": 0, "axis": "y", "origin": [8, 18, 8]},
			"faces": {
				"north": {"uv": [13, 14, 13.5, 16], "texture": "#0"},
				"east": {"uv": [0, 0, 0, 2], "texture": "#0"},
				"south": {"uv": [13.5, 14, 14, 16], "texture": "#0"},
				"west": {"uv": [0, 0, 0, 2], "texture": "#0"},
				"up": {"uv": [0.5, 0, 0, 0], "texture": "#0"},
				"down": {"uv": [0.5, 0, 0, 0], "texture": "#0"}
			}
		}
	]
}