{
	"credit": "Made with Blockbench",
	"texture_size": [128, 128],
	"textures": {
		"0": "item/hammerwhoptexture",
		"particle": "item/hammerwhoptexture"
	},
	"elements": [
		{
			"from": [7, -13, 5],
			"to": [13, 15, 11],
			"rotation": {"angle": 0, "axis": "y", "origin": [7, -13, 5]},
			"faces": {
				"north": {"uv": [3, 1.5, 3.75, 5], "texture": "#0"},
				"east": {"uv": [3.75, 1.5, 4.5, 5], "texture": "#0"},
				"south": {"uv": [0, 4.5, 0.75, 8], "texture": "#0"},
				"west": {"uv": [0.75, 4.5, 1.5, 8], "texture": "#0"},
				"up": {"uv": [4.5, 7.25, 3.75, 6.5], "texture": "#0"},
				"down": {"uv": [7.5, 4.375, 6.75, 5.125], "texture": "#0"}
			}
		},
		{
			"from": [8, -14, 6],
			"to": [12, -13, 10],
			"rotation": {"angle": 0, "axis": "y", "origin": [8, -11, 6]},
			"faces": {
				"north": {"uv": [6, 1.375, 6.5, 1.5], "texture": "#0"},
				"east": {"uv": [4.25, 7.25, 4.75, 7.375], "texture": "#0"},
				"south": {"uv": [4.75, 7.25, 5.25, 7.375], "texture": "#0"},
				"west": {"uv": [5.25, 7.25, 5.75, 7.375], "texture": "#0"},
				"up": {"uv": [6.5, 1.375, 6, 0.875], "texture": "#0"},
				"down": {"uv": [2, 6, 1.5, 6.5], "texture": "#0"}
			}
		},
		{
			"from": [1, 26, 4],
			"to": [19, 27, 12],
			"rotation": {"angle": 0, "axis": "y", "origin": [1, 29, 4]},
			"faces": {
				"north": {"uv": [6.75, 5.125, 9, 5.25], "texture": "#0"},
				"east": {"uv": [2, 6, 3, 6.125], "texture": "#0"},
				"south": {"uv": [6.75, 5.25, 9, 5.375], "texture": "#0"},
				"west": {"uv": [2, 6.125, 3, 6.25], "texture": "#0"},
				"up": {"uv": [6.75, 2.5, 4.5, 1.5], "texture": "#0"},
				"down": {"uv": [6.75, 2.5, 4.5, 3.5], "texture": "#0"}
			}
		},
		{
			"from": [1, 16, 1],
			"to": [19, 23, 2],
			"rotation": {"angle": 0, "axis": "y", "origin": [1, 19, 1]},
			"faces": {
				"north": {"uv": [4.5, 5.5, 6.75, 6.375], "texture": "#0"},
				"east": {"uv": [6.75, 7.125, 6.875, 8], "texture": "#0"},
				"south": {"uv": [6, 0, 8.25, 0.875], "texture": "#0"},
				"west": {"uv": [6.875, 7.125, 7, 8], "texture": "#0"},
				"up": {"uv": [9, 5.5, 6.75, 5.375], "texture": "#0"},
				"down": {"uv": [9, 5.5, 6.75, 5.625], "texture": "#0"}
			}
		},
		{
			"from": [1, 16, 14],
			"to": [19, 23, 15],
			"rotation": {"angle": 0, "axis": "y", "origin": [1, 19, 14]},
			"faces": {
				"north": {"uv": [4.5, 6.375, 6.75, 7.25], "texture": "#0"},
				"east": {"uv": [7, 7.125, 7.125, 8], "texture": "#0"},
				"south": {"uv": [1.5, 6.5, 3.75, 7.375], "texture": "#0"},
				"west": {"uv": [7.125, 7.125, 7.25, 8], "texture": "#0"},
				"up": {"uv": [9, 5.75, 6.75, 5.625], "texture": "#0"},
				"down": {"uv": [9, 5.75, 6.75, 5.875], "texture": "#0"}
			}
		},
		{
			"from": [22, 16, 4],
			"to": [23, 23, 12],
			"rotation": {"angle": 0, "axis": "y", "origin": [29, 19, 4]},
			"faces": {
				"north": {"uv": [3.75, 7.25, 3.875, 8.125], "texture": "#0"},
				"east": {"uv": [6.75, 0.875, 7.75, 1.75], "texture": "#0"},
				"south": {"uv": [3.875, 7.25, 4, 8.125], "texture": "#0"},
				"west": {"uv": [6.75, 1.75, 7.75, 2.625], "texture": "#0"},
				"up": {"uv": [6.875, 7.125, 6.75, 6.125], "texture": "#0"},
				"down": {"uv": [7, 6.125, 6.875, 7.125], "texture": "#0"}
			}
		},
		{
			"from": [-3, 16, 4],
			"to": [-2, 23, 12],
			"rotation": {"angle": 0, "axis": "y", "origin": [4, 19, 4]},
			"faces": {
				"north": {"uv": [4, 7.25, 4.125, 8.125], "texture": "#0"},
				"east": {"uv": [6.75, 2.625, 7.75, 3.5], "texture": "#0"},
				"south": {"uv": [4.125, 7.25, 4.25, 8.125], "texture": "#0"},
				"west": {"uv": [6.75, 3.5, 7.75, 4.375], "texture": "#0"},
				"up": {"uv": [7.125, 7.125, 7, 6.125], "texture": "#0"},
				"down": {"uv": [7.25, 6.125, 7.125, 7.125], "texture": "#0"}
			}
		},
		{
			"from": [1, 13, 4],
			"to": [19, 14, 12],
			"rotation": {"angle": 0, "axis": "y", "origin": [1, 16, 4]},
			"faces": {
				"north": {"uv": [6.75, 5.875, 9, 6], "texture": "#0"},
				"east": {"uv": [2, 6.25, 3, 6.375], "texture": "#0"},
				"south": {"uv": [6.75, 6, 9, 6.125], "texture": "#0"},
				"west": {"uv": [2, 6.375, 3, 6.5], "texture": "#0"},
				"up": {"uv": [6.75, 4.5, 4.5, 3.5], "texture": "#0"},
				"down": {"uv": [6.75, 4.5, 4.5, 5.5], "texture": "#0"}
			}
		},
		{
			"from": [-2, 14, 2],
			"to": [22, 26, 14],
			"rotation": {"angle": 0, "axis": "y", "origin": [-2, 14, 2]},
			"faces": {
				"north": {"uv": [0, 0, 3, 1.5], "texture": "#0"},
				"east": {"uv": [1.5, 4.5, 3, 6], "texture": "#0"},
				"south": {"uv": [0, 1.5, 3, 3], "texture": "#0"},
				"west": {"uv": [3, 5, 4.5, 6.5], "texture": "#0"},
				"up": {"uv": [3, 4.5, 0, 3], "texture": "#0"},
				"down": {"uv": [6, 0, 3, 1.5], "texture": "#0"}
			}
		}
	],
	"display": {
		"thirdperson_righthand": {
			"rotation": [7, 90, 0],
			"translation": [0, 13.25, 3]
		},
		"thirdperson_lefthand": {
			"rotation": [13, 95, -1],
			"translation": [0, 15.75, 1]
		},
		"firstperson_righthand": {
			"rotation": [-11, -68, 0],
			"translation": [8.25, 0, -9]
		},
		"firstperson_lefthand": {
			"rotation": [-32, -54, -1],
			"translation": [4.5, 0, -3]
		},
		"ground": {
			"translation": [0, 10, 0],
			"scale": [0.51, 0.51, 0.51]
		},
		"gui": {
			"rotation": [0, 0, -47],
			"translation": [-1.25, -0.5, 0],
			"scale": [0.4, 0.4, 0.4]
		}
	}
}